total_value,fee,input_count,output_count
65444,0,1,2
14076,0,1,1
2914470,0,8,1
141867527,0,1,2
1875834,0,5,2
815371,0,1,2
31655,0,1,1
12999568,0,1,2
1416,0,1,1
53454,0,1,1
546,0,1,1
402992,0,301,3
39818322396,0,1,2
1743610,0,1,2
1171167,0,1,2
19325,0,1,2
300371,0,4,6
165192,0,1,2
916116,0,1,1
14212108,0,1,3
59101,0,1,2
26914,0,1,2
5245317,0,1,2
357582,0,1,2
463716,0,3,3
3300,0,2,1
36376,0,2,2
776450,0,1,1
3016973,0,1,2
66000,0,1,1
156915,0,1,2
9310632,0,1,4
62140,0,1,2
73972,0,2,1
1547873,0,1,2
9620402,0,1,2
5468053,0,1,2
162835,0,2,2
10390911,0,3,2
43810,0,1,1
1740381,0,1,2
13845161,0,1,2
868363,0,2,2
265962486,0,17,19
23121,0,1,2
78348790,0,1,2
1361949,0,1,2
2009969,0,2,2
320315302,0,1,2
8132667,0,2,1
40842,0,1,1
1195896,0,20,2
134746,0,1,2
3730513,0,1,2
2008384,0,1,2
42071130,0,10,1
2999604,0,1,1
39424,0,1,2
9999999050,0,1,1
549479,0,1,1
3964505,0,4,1
121449,0,1,2
3886624,0,1,2
12255258,0,1,2
3970019,0,1,2
158518,0,1,2
77902833,0,1,43
395552334,0,1,2
598795,0,6,1
15064,0,1,2
7076723,0,10,1
6361276,0,7,1
97026,0,2,2
12084083,0,2,1
26759,0,2,1
503535,0,1,2
81234,0,1,2
964989455,0,60,1
38733,0,1,2
131438,0,10,2
20811,0,2,2
4132948,0,1,2
397464,0,1,1
100789024,0,1,2
33203109,0,1,2
215438,0,1,2
682031,0,1,2
172950,0,1,1
1574,0,1,1
1250,0,1,1
700079,0,1,2
20087,0,1,1
303774148,0,1,2
105395,0,1,2
6568923,0,2,2
1158885,0,1,1
437824,0,3,2
2512000,0,1,2
11633969,0,47,5
159006,0,1,3
458322,0,1,2
8225702,0,1,2
205273,0,1,2
24972,0,1,2
19464369,0,1,2
169493,0,1,2
720162033,0,1,4
273149,0,1,2
364573,0,1,2
174611224,0,7,33
856992,0,1,2
11001715,0,1,2
1081790,0,2,2
2028784,0,1,2
32006,0,1,2
2547588,0,1,2
2913411,0,6,1
276996,0,1,1
1854600,0,1,2
22230936,0,1,2
315429798,0,1,2
69761616,0,1,2
14043,0,1,1
6668057,0,1,2
7023207561,0,1,3
99173,0,1,2
444798,0,1,1
1626912,0,1,1
82805840,0,1,2
51052,0,1,2
995461,0,1,2
285478,0,2,2
1095465,0,9,2
20206,0,1,1
182093,0,1,1
1214328,0,5,1
1092638,0,5,2
396053,0,2,2
458106,0,1,2
1065135784,0,1,2
5427433,0,1,2
132343,0,1,2
1441346,0,1,3
24638,0,2,2
947026,0,2,2
204535,0,1,1
278173,0,1,1
485237,0,1,2
1216909,0,1,2
120446380,0,2,2
4388197,0,1,2
121240,0,1,2
9483,0,1,1
95108,0,1,2
72498,0,1,2
138295,0,1,2
2829944,0,14,1
46433,0,6,2
334550782,0,1,2
26417,0,1,1
6568709,0,2,2
176940,0,2,2
1669560,0,1,1
4026661,0,1,1
43360,0,1,2
18475619,0,1,2
1006075,0,1,2
151702,0,1,2
280435,0,1,1
118917,0,1,2
68061,0,1,2
243275,0,1,2
11543469,0,1,2
955237,0,1,2
265785,0,2,1
130000,0,2,1
360087,0,1,2
18279,0,2,4
432296,0,2,2
12473,0,1,1
129046,0,2,1
25186,0,1,3
69275,0,1,3
2546684,0,6,2
10549514,0,2,2
160867480,0,1,16
11533989,0,4,1
1084138,0,1,1
910,0,2,2
98769,0,1,1
19565,0,2,2
49475,0,1,1
45867,0,2,2
219436,0,1,2
1671,0,2,2
913490625,0,1,2
454095,0,1,2
436501,0,3,2
1305369499,0,1,1
2930820,0,1,2
13738924,0,2,2
452624,0,1,2
203253,0,1,1
34087842,0,2,1
328423,0,1,2
115357,0,1,2
496681,0,1,2
18540,0,1,2
8170532,0,1,2
855702,0,1,1
7110959,0,1,1
145033,0,1,2
35814,0,1,2
11100046,0,5,1
135985,0,1,2
377709,0,4,1
266343,0,1,2
3068337,0,2,1
86513,0,1,2
8218250,0,1,2
20260672,0,6,3
15922,0,1,1
130108,0,1,2
37483442,0,1,1
47546,0,1,2
6902925,0,1,2
4155,0,1,3
4155,0,1,3
9620,0,1,3
19475793,0,1,2
3823026,0,3,2
4155,0,1,3
8120744,0,1,2
4155,0,1,3
19620,0,1,3
10166,0,1,3
10166,0,1,3
19620,0,1,3
19620,0,1,3
4155,0,1,3
4155,0,1,3
44293,0,2,2
314568,0,4,2
51119,0,1,1
579260,0,1,2
50301190,0,1,4
5780410,0,2,2
151713,0,1,2
10370,0,25,4
1124269,0,1,2
69965,0,3,1
673014,0,1,2
144191,0,2,5
15734,0,1,2
3228,0,2,1
127614,0,1,2
982308,0,1,2
598939,0,1,3
57933767,0,1,20
2287612,0,2,4
11959420,0,1,2
243190249,0,1,4
5115064,0,1,2
2419,0,1,1
131902,0,1,1
138944,0,1,2
232749519,0,1,2
828981,0,1,2
28497540,0,1,2
44919,0,1,2
5582163,0,1,2
236351,0,1,2
9336862,0,1,2
6813208,0,1,7
11006753,0,1,2
451014,0,1,2
4319,0,1,1
267273,0,1,1
934813,0,2,2
585495,0,1,1
37424,0,2,1
2696240,0,1,2
755000,0,1,1
44819,0,1,2
94578,0,1,1
76318249,0,2,2
3910313,0,3,2
2479949,0,3,2
8378952,0,1,2
398179,0,1,2
254909000,0,1,2
81537855,0,1,2
3904128,0,2,1
1084729,0,2,2
857127,0,1,2
1694295,0,1,2
25990701,0,1,2
3141541,0,2,2
62419,0,1,1
1414183424,0,1,19
1087138,0,1,2
1157907,0,1,1
92454,0,1,1
83248,0,1,1
217377,0,1,2
57440,0,1,1
472735,0,19,2
137530,0,1,2
4427378,0,1,2
442214,0,1,2
12164,0,1,1
30712,0,1,2
179978,0,2,2
139018,0,1,2
36866325,0,3,1
914414,0,1,2
282961,0,3,2
571392,0,4,2
576578,0,3,1
17084,0,1,2
80798357,0,1,2
7667779,0,1,2
45775,0,2,2
22656,0,1,1
10229220440,0,31,14
50000,0,2,1
21641,0,1,1
185168,0,1,2
967744,0,1,2
14447,0,1,1
15579,0,1,2
154566,0,1,2
2371404,0,1,2
9590,0,2,1
291046,0,1,2
50973,0,1,2
16321438,0,1,2
51317,0,1,2
1110909,0,1,2
85492,0,1,2
155318,0,1,2
10364061,0,1,1
67081,0,1,2
1197256,0,1,6
579603,0,1,1
299999170,0,1,2
238146980,0,1,3
127156,0,1,2
24000,0,1,1
20872,0,1,1
56800,0,1,1
1116725,0,1,2
12415198,0,1,2
126129,0,2,1
365378,0,1,2
45693,0,2,1
14875,0,1,1
95638961,0,1,10
1056892,0,3,2
2741221,0,1,1
238910,0,1,2
1628693,0,1,1
22818,0,1,2
526332,0,1,1
156528,0,3,3
333359,0,1,1
613622,0,1,2
580475,0,1,2
229023,0,1,2
711754,0,1,2
2838851521,0,1,16
334291,0,2,2
931488,0,1,2
1745260,0,1,2
20295,0,1,1
1039199,0,1,2
11790610,0,4,1
4330484,0,1,2
722794,0,1,2
706615,0,1,2
69533188,0,1,2
887575,0,2,1
83440417,0,1,2
197863524,0,1,2
422133,0,1,1
6932572,0,1,2
71213354,0,1,2
268637830,0,1,2
487612,0,2,2
140544932,0,73,43
1313737,0,1,3
33204091,0,1,2
26231,0,1,1
67426,0,1,2
4599324,0,1,2
195263,0,1,2
674091,0,1,1
1668521,0,1,1
239697,0,1,2
13281,0,1,1
243189860,0,1,5
722376,0,1,2
8150,0,1,3
53837,0,1,4
132532,0,1,1
84233,0,1,1
7537184215,0,1,5
1222228,0,2,2
20809,0,1,1
16616476,0,1,2
881296,0,1,2
319661,0,1,2
33250446,0,1,20
800047,0,1,2
8021066,0,1,2
672737975,0,1,4
36578055,0,1,1
19891,0,4,6
45811,0,1,1
93328,0,2,2
19673695,0,1,2
41761,0,1,2
87500,0,1,2
87740,0,1,2
982074,0,1,3
127683530,0,1,2
44049,0,1,2
27051494,0,1,2
109870,0,1,2
949500,0,1,1
201169,0,4,2
13468,0,1,2
8086694,0,1,2
65272,0,2,2
65199913,0,1,2
1450357,0,10,2
18867,0,1,2
141094886,0,1,2
29999292,0,1,2
90730,0,1,2
3492007,0,1,2
77553,0,1,1
6194524,0,1,2
1320071,0,1,2
158571,0,2,2
12046,0,1,2
727667,0,1,2
4952587,0,9,1
276556,0,1,2
126382,0,1,1
124689,0,1,1
1159197,0,1,1
82124,0,8,2
255913,0,1,2
763714,0,1,2
250405,0,1,2
679994746,0,1,2
218661041,0,5,2
13865,0,5,6
76845056,0,2,156
45412099,0,1,1
6679867,0,1,1
1284374,0,1,3
66218618955,0,2,2
237534941,0,2,3
102979,0,1,2
28966,0,1,2
1906,0,5,3
31601,0,2,5
38055,0,1,2
512872,0,1,2
24951241,0,1,6
5309956,0,1,2
45001639,0,7,2
18383627,0,279,1
64634,0,1,2
207337,0,1,2
770488,0,1,1
51477,0,3,4
78994,0,1,2
1351857,0,1,2
40463454,0,1,2
138611,0,1,1
12327275,0,3,2
1448000,0,1,2
360942,0,1,1
3669933,0,1,2
844721,0,2,1
38711,0,1,2
178784,0,1,1
123298,0,1,3
17350,0,1,1
44821,0,1,2
1184473,0,1,2
166382,0,1,1
14691,0,1,1
1549337,0,2,2
3435396,0,5,2
977439,0,1,2
1054557,0,1,2
42794,0,4,2
1142947,0,1,2
10000,0,1,1
475029,0,2,2
16587379,0,1,2
3234929,0,1,2
7374593,0,3,2
27531,0,2,2
342697507,0,61,1
36663300,0,1,2
51717012,0,1,5
657448,0,1,3
1008,0,2,2
198694,0,2,2
1479091643,0,1,2
30546,0,1,2
106563,0,1,2
16780545,0,1,2
165390,0,1,1
64648333,0,2,2
1048572,0,1,1
665074364,0,1,3
840664,0,1,2
7983868,0,1,2
605336,0,1,2
2299463,0,2,1
1219,0,1,1
167928,0,1,2
7494,0,1,1
7254700,0,1,2
4482174,0,1,1
11898195,0,2,2
364131339,0,1,2
705070,0,1,2
81491,0,2,1
308439,0,1,2
160093,0,1,1
82223,0,1,1
36983,0,1,1
1233904,0,1,2
27748,0,1,1
389306,0,1,2
14867,0,1,1
68389,0,1,1
4793554,0,10,2
30560,0,1,1
254439150,0,34,1
858426,0,1,1
13053719613,0,2,2
9762030,0,1,2
49889,0,2,1
77773,0,1,2
10126,0,1,2
22549172,0,2,2
2862826,0,2,2
11820,0,1,2
212386,0,1,2
13607,0,1,1
7865411,0,1,2
11658383,0,1,2
5781849,0,1,2
6651873,0,1,2
738218,0,2,3
2640787761,0,1,2
33147,0,2,2
44880,0,1,2
8814,0,22,1
16869,0,1,2
220749,0,1,2
26690,0,1,1
14582,0,1,1
18372271,0,1,2
27477,0,1,2
167053,0,1,2
1445475,0,1,2
1010538,0,7,2
46940775,0,1,2
77550210,0,1,2
1888015,0,1,2
16498,0,2,1
83072,0,1,1
3421753,0,1,2
102426,0,1,2
84106,0,1,2
38703,0,1,2
707126,0,4,1
999562,0,1,2
9454,0,2,2
2987066,0,1,2
235160991,0,1,3
19209,0,1,1
57643,0,2,2
800991,0,1,2
997210,0,2,2
69610,0,1,1
104596,0,1,1
17113,0,1,1
363161,0,1,1
7745811,0,1,2
1393664,0,3,2
3238520,0,52,23
4558,0,2,2
566910,0,6,2
2516759,0,3,1
499788,0,1,1
177175,0,1,2
43428038,0,1,1
75195,0,1,1
32385986,0,1,2
185380,0,1,1
400933,0,1,1
502429,0,1,1
455864,0,1,2
412370,0,1,2
30002369,0,4,3
86191776,0,1,2
167514,0,1,1
91469,0,1,2
18213674,0,1,3
14210368,0,1,2
651581925,0,1,5
28253,0,1,2
101316,0,1,1
614989,0,1,2
8573,0,1,2
195396,0,1,2
590065,0,2,1
10136654,0,1,5
755810,0,1,1
1250307,0,1,2
495365,0,2,2
21940,0,1,1
2822293,0,1,1
166481,0,1,1
612661,0,1,2
827147,0,2,2
720447,0,1,2
21959,0,1,1
58988,0,1,2
8023237,0,1,1
9999434,0,1,2
2544556,0,1,2
387926,0,1,1
1935327,0,1,2
77821,0,1,2
14848,0,1,1
259912,0,1,2
4100,0,1,1
4832987734,0,1,20
165980,0,1,2
7802251,0,1,2
1734721,0,1,2
10694864,0,1,2
705012,0,1,2
5303937,0,1,2
156037,0,1,1
168525,0,1,2
24204,0,6,1
2787976,0,2,2
5545755,0,1,2
2919936,0,1,2
5735959,0,1,2
744158,0,1,2
43151,0,1,2
40488,0,1,2
96274,0,1,1
6962438,0,1,2
1387426,0,1,2
490113,0,2,2
622185,0,10,2
47383,0,2,2
119147,0,1,2
140837,0,2,1
22431,0,1,1
20000,0,2,1
22960,0,2,2
15808,0,1,1
3224466,0,1,2
51489,0,1,2
153199,0,3,3
5398890,0,1,1
155240,0,1,1
386965,0,1,2
343527,0,1,2
55108,0,1,2
804056,0,4,4
700795,0,1,2
408466,0,1,1
33576,0,2,3
19795261,0,1,2
45474618,0,1,2
24509,0,1,2
19283317,0,1,2
731595,0,2,2
58184,0,2,2
28605,0,1,2
7504,0,2,2
12359,0,3,2
85719,0,1,2
187491,0,1,2
687979,0,1,2
15251,0,1,1
1145949,0,1,2
1970,0,11,1
19376959,0,10,1
651652945,0,1,1
162115712,0,1,2
291206,0,1,2
1843267,0,1,2
4899,0,1,1
8026,0,1,1
3187,0,5,5
93877,0,1,2
12406924,0,1,2
190638,0,1,2
11440,0,1,1
5459,0,1,1
190044,0,1,2
244894561,0,1,2
5033576,0,1,31
6200484,0,1,19
83397,0,6,1
1032254,0,1,2
77392,0,1,2
1469566,0,1,2
239034,0,1,2
312820,0,1,2
333707,0,1,2
70500,0,1,1
388944,0,1,2
76656,0,1,1
10622,0,2,1
1624295,0,15,2
341552,0,1,2
11470529,0,13,1
33677206,0,10,1
33027014,0,10,1
65678,0,1,1
43314856,0,2,2
3421740,0,1,3
5591200,0,1,1
253007,0,1,2
1014997,0,1,4
76258,0,2,1
93415,0,1,2
14419,0,1,1
80000,0,1,2
172350,0,1,1
2441487,0,1,2
87172,0,1,1
1199295,0,1,2
374616,0,2,1
38257,0,1,1
30585214,0,2,1
224404,0,1,2
832200,0,3,1
5715269,0,1,2
684690,0,1,2
26420,0,1,2
40111735,0,2,2
39424,0,1,1
2671636,0,11,1
1485406,0,1,2
36950514,0,1,161
45550,0,1,1
1664253,0,1,2
23520297,0,1,12
98999,0,1,2
1898479,0,1,2
1250791,0,2,2
36265,0,2,1
29092,0,1,2
2350240,0,1,1
636737,0,1,2
165450,0,1,1
99888,0,1,1
1000926,0,3,1
50058291,0,1,2
548646,0,1,2
85737,0,1,1
709585,0,1,2
201395,0,2,2
2144446,0,1,2
1422467,0,2,2
3477914,0,1,2
153573,0,1,2
81633,0,1,1
1308206,0,1,2
157475440,0,1,2
2072719,0,1,2
532777,0,1,2
119929,0,2,2
599518,0,1,2
18449,0,1,1
1969160,0,1,2
11846459,0,1,16
24055515,0,1,2
2299542,0,1,2
426685,0,1,2
24999435,0,1,1
527404,0,1,2
586924,0,1,2
850608,0,1,2
1815496,0,1,2
46635,0,1,3
14184,0,2,5
3420517,0,2,1
11483032,0,2,2
574946,0,1,2
267341,0,2,1
3529146,0,1,2
237531592,0,1,3
570089,0,1,1
371667,0,2,2
492618,0,2,2
2108066,0,2,2
4342,0,2,2
166172,0,1,1
20049,0,1,2
47421,0,2,1
2851701,0,7,2
125915,0,1,2
64450,0,1,1
6821,0,1,2
88778,0,2,1
54163872,0,1,2
137363,0,1,1
66901,0,1,2
2319701,0,2,1
9657,0,1,2
20383067,0,1,2
226630,0,1,1
3015,0,1,1
1418523,0,4,2
17147,0,1,2
6450487,0,1,2
3326850,0,1,2
36133,0,1,2
38576,0,1,2
20848731,0,1,2
7487,0,1,1
3740,0,1,1
33553102,0,2,2
26238,0,1,1
80636,0,1,2
1439608,0,1,1
51976,0,1,1
1124845,0,2,2
19169186,0,1,2
7786782,0,1,2
391200,0,1,2
563708,0,2,2
3175582,0,1,1
241194,0,1,2
487444290,0,1,2
130207680,0,1,3
52933,0,1,1
12396942,0,1,3
687766,0,1,1
156390,0,12,1
10665220,0,1,2
101427,0,1,2
5368662,0,1,2
14887,0,2,1
34302791,0,1,2
48849,0,1,2
287084,0,1,2
1656020366,0,1,3
1614686,0,1,2
1613941,0,1,2
92599,0,1,2
3038493,0,16,4
7931,0,1,2
18143,0,1,1
4735044,0,1,1
146213,0,1,2
470107,0,1,2
60000,0,2,1
20090834,0,1,2
88749,0,2,2
745925,0,2,2
19708,0,1,1
93729,0,1,2
287171324,0,2,2
1519675,0,1,1
612186,0,1,2
913831,0,1,1
775090,0,1,2
186559,0,1,2
23639683,0,1,2
92074,0,2,1
23904,0,1,1
235160647,0,1,4
147321118,0,1,17
7363922,0,1,2
5621564,0,1,1
479671,0,1,4
1685931,0,1,2
39975673,0,1,2
55062392,0,1,2
31612,0,1,2
118005,0,1,1
33481826,0,1,2
63923,0,2,2
2999577,0,1,2
1017114,0,3,2
499988047,0,1,2
452023596,0,1,2
35645,0,1,2
235390,0,2,2
66825,0,1,2
206852,0,1,1
94272305,0,1,2
677322,0,1,2
879998995,0,2,2
106431,0,3,2
146599,0,1,2
2495,0,1,1
3324,0,2,2
471116,0,1,3
90598997,0,1,2
87107962,0,1,2
439430,0,1,1
4215970,0,2,2
164797,0,1,2
6399,0,1,2
314921232,0,1,2
10635542,0,1,2
136306,0,1,1
9999253,0,1,2
577625,0,1,1
40686,0,1,2
590662,0,1,3
1314711,0,1,2
265991,0,1,1
459760,0,1,1
6439092,0,1,2
1445551,0,1,2
126200,0,1,1
5492514,0,1,2
19612374,0,1,4
7781,0,1,1
21268269,0,1,1
4379474,0,1,2
75133,0,1,2
184945990,0,1,2
132953,0,1,1
594,0,1,1
55216,0,1,2
109649,0,1,2
10904578,0,1,2
8092984,0,1,2
1209148,0,1,2
2499700,0,1,2
7284,0,1,1
1199999358,0,1,2
12562,0,1,1
92018776,0,1,3
21964144,0,1,1
171775,0,1,3
208384,0,2,2
69310,0,1,1
129298,0,1,1
2159287819,0,31,17
54302,0,1,2
3072,0,1,1
189584,0,1,2
105941,0,1,2
916258,0,1,2
19447970,0,1,2
8194,0,1,1
30408825,0,1,2
336490,0,1,1
404728,0,1,2
2199153,0,1,1
6868837,0,1,2
188498,0,1,1
3499830,0,1,2
5240438,0,2,2
26562,0,1,2
15397401,0,2,2
487273,0,1,2
109671,0,1,2
187942,0,2,1
381816564,0,1,3
1119560,0,1,1
2264581,0,1,2
72112591,0,2,152
114893,0,1,1
17190,0,1,2
3705636,0,1,2
764719,0,4,2
764668,0,2,1
41149,0,1,1
22689831,0,2,1
448446,0,1,7
1619632658,0,10,6
98290,0,2,1
207835701,0,60,1
1009843,0,1,2
494253,0,1,2
494998,0,1,2
235160277,0,1,5
52330,0,1,2
54434,0,1,2
12294,0,1,1
51804,0,1,2
57590,0,1,2
57064,0,1,2
203357,0,1,2
51278,0,1,2
55486,0,1,2
60712,0,1,2
47596,0,1,2
53382,0,1,2
48122,0,1,2
54960,0,1,2
49174,0,1,2
49700,0,1,2
50752,0,1,2
56538,0,1,2
58116,0,1,2
98783,0,1,2
48648,0,1,2
50226,0,1,2
52856,0,1,2
53908,0,1,2
56012,0,1,2
47070,0,1,2
46544,0,1,2
4607532,0,1,2
700405509,0,1,2
46031,0,1,2
57454342,0,1,1
34686213,0,1,3
229999302,0,1,2
30855740,0,1,1
561540,0,1,2
253304,0,1,2
2385504,0,1,2
389075,0,1,2
1744214,0,28,2
22053,0,1,1
118380,0,1,2
745936,0,1,2
546,0,1,1
208575,0,1,2
553716,0,1,2
46252,0,1,2
1151993,0,2,2
327879,0,1,2
79999858,0,1,2
1658206523,0,1,20
2265481,0,39,1
51402,0,1,2
102821,0,1,2
12630992,0,1,2
154171,0,2,1
121118,0,1,2
822779,0,1,1
325919,0,3,2
125095,0,4,1
31898632,0,1,1
86379379,0,1,2
178846,0,1,2
20266251,0,1,1
25800,0,1,1
5194,0,2,2
8248884,0,1,2
119945,0,1,1
41555029,0,1,8
207241803,0,1,1
833953,0,1,2
272293,0,1,1
32008262,0,1,2
41225,0,1,2
39446,0,1,2
74841,0,1,2
257546,0,2,2
1647374021,0,1,3
23715,0,1,1
908397,0,1,2
357640,0,2,2
3206157,0,1,2
59882,0,1,2
193041,0,1,2
10639528,0,1,2
458866,0,1,2
546,0,1,1
94538,0,1,2
99999192,0,1,2
546,0,1,1
8081736,0,1,1
1100563,0,3,2
12671421,0,1,2
3988312,0,1,2
60018899,0,1,2
25984,0,1,2
632979,0,1,2
443294,0,1,7
204146682,0,1,2
182939,0,1,1
287959117,0,1,2
203854,0,1,2
132040,0,6,4
90283,0,1,2
13736257,0,1,2
15124074402,0,2,2
5098109,0,2,2
2097866,0,3,2
205365,0,1,2
109770,0,1,2
164506889,0,1,2
22181,0,1,1
83954,0,2,2
891702555,0,2,2
201108738,0,2,2
4519435,0,1,2
202005,0,1,2
2399568,0,1,2
309919,0,1,1
96557085,0,1,2
92884459,0,2,2
32372985,0,1,2
49999670,0,1,1
6854427,0,1,2
3085647,0,1,2
266499,0,1,1
26818870,0,1,2
707427,0,3,2
18700918,0,1,78
6647,0,2,2
56529666,0,1,16
97880,0,1,2
90555,0,1,1
715109,0,1,2
82322,0,1,2
17490,0,1,1
19849,0,1,1
1345487,0,2,2
1051731,0,1,2
96142,0,1,1
457812,0,2,2
368135,0,1,2
445467,0,1,2
13124,0,1,2
39724,0,1,1
1589744,0,1,2
6733441,0,1,2
659992,0,3,1
13770,0,2,2
98482,0,2,2
18742309,0,1,2
818306,0,1,2
27883825,0,3,1
719141,0,1,2
165466,0,1,2
2469996632,0,3,2
786337,0,1,2
13041609,0,1,1
61799998632,0,3,2
18737,0,1,2
168890,0,1,2
181450,0,1,1
581558,0,1,1
29105975,0,1,2
14834,0,1,2
11132752,0,1,2
40067,0,1,1
826370,0,1,2
103974423,0,1,36
36535,0,1,1
12670,0,1,1
4950933,0,1,2
6860005,0,3,2
7694763,0,2,2
14948218,0,1,15
1972337,0,1,2
11982292,0,1,2
519929,0,1,3
1151709,0,2,2
1090300,0,1,2
1775254,0,1,2
79999318,0,1,2
95647,0,1,2
1919476,0,1,2
6403199,0,3,1
1468507,0,1,2
21064012,0,1,2
10613663,0,1,5
4694,0,2,2
35348774,0,2,4
38256,0,1,1
1033801,0,10,2
165621,0,3,2
1537751,0,13,2
43700030,0,2,2
24473,0,1,1
120013,0,1,1
14885888,0,1,2
1272661913,0,1,3
3502848,0,1,4
706402,0,3,1
16570073,0,3,2
2091403,0,2,2
878309,0,1,2
546,0,1,2
25334,0,1,2
158284,0,1,2
5240733,0,1,2
3704476,0,2,2
1101699,0,3,2
544582,0,1,3
7674,0,2,5
56349,0,1,2
34686026,0,1,3
134132,0,1,2
244700,0,1,1
1308178,0,5,2
50051,0,1,1
45411071,0,1,1
45282,0,1,1
415754,0,1,1
15252668,0,1,2
1126392,0,1,2
1083248,0,2,2
170586,0,1,1
53538444,0,1,3
2844099,0,1,2
43426989,0,1,1
932113,0,1,2
62788,0,2,3
137227,0,1,2
2420127,0,1,1
39998350,0,3,2
256257,0,2,1
15766316,0,1,2
14070562,0,1,2
1397305,0,1,2
173145,0,2,2
71726,0,1,2
221302,0,1,2
357263,0,2,2
34508162,0,1,1
15438,0,1,2
113183283,0,1,2
280115,0,1,2
97496,0,1,1
185924,0,1,1
10514699,0,1,2
56060,0,1,2
825997,0,1,2
591713,0,1,2
23970100,0,1,2
193444983,0,11,1
1704911,0,1,2
20376894,0,1,5
729175,0,2,2
930536,0,3,2
300969716,0,143,2
116038,0,1,2
1549,0,1,1
37096,0,1,2
44928,0,1,1
3051150,0,2,2
1329843,0,2,3
415023,0,1,2
30854358,0,1,1
79177790,0,1,5
125776,0,1,2
14550,0,36,1
5499145,0,1,2
131205,0,1,1
27722949,0,1,2
253096,0,1,2
10783,0,2,2
356124,0,1,2
9810208,0,1,1
404836,0,1,2
26930,0,1,2
1213605456,0,1,3
49873306,0,1,7
54690061,0,4,5
1774206,0,2,2
4061122,0,1,2
255169172,0,1,2
656067,0,3,4
1868064,0,1,2
269577,0,1,2
46345,0,1,1
20789,0,1,1
87750,0,1,2
861357,0,1,1
63740046,0,4,2
127833,0,1,2
309531,0,2,2
496259,0,1,2
3254,0,2,2
46717914,0,2,1
3569330,0,2,2
103896,0,3,1
231077,0,1,1
237384084,0,1,3
438142,0,1,7
184110,0,1,3
612558,0,2,2
39722,0,1,1
8615,0,1,2
734087,0,1,1
26735,0,2,1
499434,0,1,2
719422,0,1,4
9176766,0,1,1
409052,0,1,2
93886325,0,1,2
48060,0,1,1
1251621,0,4,2
74018,0,1,1
1007996,0,1,2
135450,0,2,2
5286777,0,1,2
237168,0,1,1
444966,0,1,2
1708612,0,2,2
11643,0,3,1
338029472,0,1,1
254360,0,1,1
409083,0,1,1
1602094,0,1,2
172553233,0,1,2
2198783,0,1,1
39314,0,2,4
32393,0,1,2
99999764,0,1,2
43425940,0,1,1
45410043,0,1,1
20561326,0,2,2
523037,0,1,2
74243,0,1,1
39998026,0,1,2
5758845,0,1,2
396793,0,1,2
477887,0,2,1
1647016600,0,25,2
8399,0,1,2
604880,0,2,2
546,0,1,1
244036,0,1,2
15511002,0,1,3
157273631,0,1,2
28407,0,1,1
12381,0,1,1
471290,0,1,2
4056841,0,1,2
83870,0,1,2
1303587,0,1,2
58971,0,6,1
1539155,0,1,1
31897209,0,1,1
876804,0,1,2
113907,0,7,2
178040514,0,1,2
41471,0,1,2
8596831,0,1,1
45604113,0,1,3
469900,0,3,1
1049424,0,1,2
14999575,0,1,2
20312,0,2,3
130037,0,1,1
76321,0,2,2
2075069,0,7,1
19150,0,2,2
17132901,0,1,2
245866,0,1,2
1939,0,1,1
276685,0,2,4
2456676,0,1,2
75597,0,1,2
410772,0,1,2
176705,0,2,2
340404,0,1,2
177236,0,2,2
656510,0,1,2
225997,0,1,2
154433,0,2,2
30908,0,1,1
393842,0,16,2
1275415,0,1,2
9328580,0,1,2
7920658,0,1,2
494020,0,2,2
5429985,0,1,2
182400,0,1,2
133850925,0,60,1
4613714,0,1,2
828749,0,1,4
3071797,0,1,2
126027,0,1,2
2291104,0,1,2
3158074,0,1,2
410106,0,4,1
82058,0,1,1
13737101,0,1,2
319330,0,1,3
104812,0,1,2
4853236,0,1,2
656160,0,1,2
106970,0,1,2
296012,0,1,2
499442,0,1,2
21918626,0,1,2
997670,0,4,2
8698661808,0,1,2
1095920,0,1,2
1670754,0,1,2
235159653,0,1,7
888982,0,2,1
2582194,0,1,2
4639492,0,3,3
7929,0,1,2
3088070,0,1,2
846569,0,1,2
79021,0,1,1
51065676,0,13,2
54158579,0,1,2
140156,0,1,1
7985096,0,1,2
1282210,0,1,2
3541781,0,1,2
61877,0,1,2
78835,0,1,1
79665,0,1,2
52497904,0,2,2
297931800,0,1,2
107520,0,1,2
885689,0,1,2
5000,0,1,1
483207,0,1,3
8946585594,0,1,3
181604955,0,2,2
245119,0,2,2
9433138,0,1,1
22487,0,1,1
611528,0,1,2
278697,0,2,2
320295294,0,1,2
38989,0,1,1
3130542,0,1,2
7521,0,2,2
536118,0,2,1
92437,0,1,2
822755,0,1,1
1522591,0,2,2
125095,0,3,1
893818,0,1,1
620397,0,1,2
4816174686,0,1,20
384047,0,2,3
974360,0,1,1
96023,0,1,1
57763,0,1,2
45409015,0,1,1
30853031,0,1,1
31896076,0,1,1
9620075,0,1,3
43424891,0,1,1
436842,0,1,2
15993,0,1,2
15046,0,2,1
326524245,0,1,23
49236,0,1,2
177189,0,2,2
1887498,0,1,2
331989,0,1,3
4407289,0,2,3
17476890,0,1,2
111865,0,15,2
937100,0,2,2
59441,0,1,2
8946182469,0,1,3
202329,0,1,1
23916794,0,1,2
27607,0,2,2
1016894,0,1,1
1105560,0,1,1
879870,0,1,2
201482,0,1,2
212000,0,1,1
183013,0,1,1
68392,0,1,2
23346,0,1,2
624452,0,1,2
330752,0,2,2
5575728,0,4,1
67374365,0,2,190
614403,0,2,1
546,0,1,1
69135,0,1,2
40580,0,1,2
1009299,0,1,1
18591,0,1,2
1451639,0,1,2
43176,0,1,2
318822,0,1,2
117962,0,2,2
4568351137,0,2,2
1848,0,8,1
82252143,0,140,2
126015,0,1,2
2299,0,2,2
6836652,0,1,1
7268336,0,1,1
24505707,0,1,4
5128,0,2,3
1199781,0,1,2
1486287,0,1,2
1183669,0,2,2
1982,0,1,1
6853125,0,1,2
113859,0,1,1
237318,0,1,2
621059,0,1,2
89998800,0,1,3
25253417,0,1,2
96053,0,1,2
72208,0,1,2
101538,0,1,2
41742950,0,1,2
157280,0,1,1
3257366,0,1,2
123238,0,1,2
1186985003,0,1,2
196147,0,6,1
761340,0,1,2
302074,0,1,2
6347,0,1,1
12111,0,1,1
37675882,0,1,23
9619686,0,1,4
67306,0,1,1
76361348,0,1,6
5564552,0,1,2
501514,0,1,1
93308,0,1,2
69092,0,1,2
3531144,0,5,1
12354028,0,2,2
688804,0,1,2
9903,0,1,1
38874975,0,11,2
371533,0,1,2
208170,0,1,1
472985,0,1,2
1195680,0,1,2
5595808,0,1,2
865,0,1,1
574327,0,1,2
546,0,1,1
2581957,0,1,7
9619235,0,1,5
1950080,0,16,2
123359,0,2,1
499230,0,1,2
84538,0,1,2
1866,0,1,1
245180,0,1,2
5468540,0,1,2
1695154,0,1,2
2701532,0,22,1
145712259,0,1,4
41044,0,1,2
318912,0,1,4
799707,0,1,2
31895047,0,1,1
28853168,0,2,2
783826,0,1,1
123307,0,2,2
1421713,0,1,2
285679,0,2,2
30851825,0,1,1
509048,0,1,2
3847,0,1,1
1258312,0,1,2
249039,0,1,1
299712,0,2,2
4090804,0,2,2
81496,0,1,1
517578,0,1,2
54157,0,1,1
71197,0,1,2
6160,0,1,1
484438,0,1,1
284688,0,1,2
158740,0,1,11
117222,0,1,2
429534642,0,1,2
200054,0,1,2
506985,0,1,2
17466,0,1,1
51984,0,2,2
5496583,0,2,2
875657,0,1,2
15996390,0,1,5
48156,0,1,2
1032740,0,1,1
6432647,0,1,2
13800597,0,1,7
404256,0,1,2
10630824,0,1,2
1569774,0,2,2
47510315,0,1,2
47982262,0,1,28
2973831,0,1,2
72370,0,1,1
2125697,0,1,3
102580,0,1,2
16331,0,1,2
1545741,0,1,2
1371655,0,2,1
4254948,0,1,2
16335,0,1,1
135727,0,1,2
4457740290,0,4,3
51855,0,1,2
1090500,0,2,2
918749,0,2,1
15597180,0,1,2
857044,0,1,2
2846502,0,1,2
62352,0,1,1
546,0,1,1
53130,0,1,2
105797,0,1,2
4394,0,1,2
6753949,0,1,2
6847980,0,1,2
856286,0,1,2
6887649,0,1,2
875400,0,2,2
14619930,0,1,2
2567549,0,2,2
99995344,0,1,3
139323500,0,1,5
1862,0,1,1
25126623,0,1,1
61938,0,2,2
318641,0,1,1
1504691,0,4,1
100079,0,1,1
954360,0,1,6
704500,0,1,2
51660,0,3,2
205013,0,1,1
55201,0,1,1
1173578138,0,1,4
901571,0,1,1
2917406,0,1,2
739976,0,1,1
19438798,0,1,2
12568102,0,1,2
253934,0,1,2
77980,0,1,2
777914,0,1,2
3604641,0,2,1
3014797,0,1,4
6588,0,1,1
1498964,0,1,1
297149,0,1,2
499435,0,1,2
1249378,0,1,2
582,0,1,1
501950,0,2,2
1419480,0,2,2
709467,0,1,2
38833,0,1,2
719176,0,1,5
708403,0,2,2
1053201,0,2,2
709684,0,1,2
5625056,0,1,2
184012886,0,1,2
34834,0,1,2
289065,0,3,2
321861,0,1,2
20422077,0,1,2
564162220,0,1,2
433940,0,1,2
3245380,0,1,2
458200827,0,1,2
7891161,0,1,2
551831,0,2,4
1708483,0,1,3
51552159,0,2,2
47375,0,1,1
11891973,0,1,2
5290,0,1,1
336631,0,1,1
2179300,0,1,2
1387996,0,1,2
217880,0,1,2
2989460,0,1,2
317807,0,1,2
20718,0,2,1
3453187,0,4,2
90642,0,1,2
30467366,0,1,2
648734,0,3,2
12201106,0,1,2
4008543,0,1,2
19368,0,2,1
10495620,0,1,2
535363,0,1,2
380133,0,2,1
120557,0,1,1
819964,0,1,2
264052,0,1,1
615142,0,2,2
376940,0,1,2
41076,0,1,2
2431,0,1,1
63022,0,1,2
415861,0,1,1
286648,0,1,1
129475,0,1,2
1747878241,0,1,23
35008,0,1,2
104410,0,1,2
1303397427,0,1,2
158173,0,2,2
16971489,0,3,2
18371203,0,1,2
60262,0,1,1
6780865,0,2,2
126784412,0,500,1
2321282,0,1,2
10733,0,1,1
128519,0,1,2
18941488,0,3,2
655061,0,2,1
6743754,0,1,2
845980,0,3,2
778429,0,1,1
11950000,0,1,1
496137,0,3,4
942662,0,1,1
1318755,0,1,2
1365024,0,1,1
9998889,0,1,2
705026,0,1,2
20716022,0,1,2
27057,0,1,2
712447,0,1,1
546,0,1,1
1852632,0,1,3
100023588,0,1,2
309643,0,1,2
46356,0,1,2
1311160,0,2,2
69770696,0,1,2
26545620,0,1,2
103538159,0,1,2
404097,0,1,2
314903461,0,1,2
22198808,0,1,1
3090387,0,3,1
631090,0,1,2
32325,0,1,1
125554,0,1,2
11166660,0,1,2
1844921,0,1,2
21557,0,1,1
90493,0,4,1
268088,0,1,2
223326,0,2,2
1129998551,0,1,2
383325,0,1,2
236513972,0,1,4
517913,0,2,2
92921,0,1,1
9113141,0,1,2
7281885,0,1,2
1580455,0,9,2
92580378,0,60,1
472884,0,3,2
419516,0,2,1
1065374,0,2,1
296395,0,1,2
34085,0,1,2
232929,0,1,2
5004464,0,1,4
3091348,0,1,2
549017,0,1,1
4249230,0,1,2
68762,0,2,2
292600,0,1,2
10965,0,2,2
1184816,0,13,2
16138,0,1,1
73002,0,1,1
999290,0,1,2
56074,0,1,2
32661473,0,1,2
6239,0,1,1
7596356,0,3,2
348980,0,2,2
4800310,0,1,2
84863703,0,2,2
1517156,0,1,1
1022474,0,5,2
1918,0,1,1
4809350,0,23,2
33401083,0,1,2
6717322,0,1,2
136278,0,1,2
1913720,0,2,2
18381,0,1,2
1551831,0,1,2
1330790,0,1,2
585094,0,1,2
82366,0,1,1
554296,0,2,1
21930,0,54,1
333118,0,1,1
74845,0,2,1
45552576,0,10,2
1294194,0,2,3
94309,0,1,2
46281,0,1,2
3000,0,1,3
857953,0,1,2
39461,0,1,2
247905,0,1,2
120328,0,1,2
757261,0,1,2
547842,0,1,1
45407986,0,1,1
438423,0,1,2
43423842,0,1,1
3254021,0,1,1
25546,0,2,2
996092,0,2,2
1045008,0,1,2
1066818,0,3,2
4189354,0,1,2
24592194,0,1,1
5342186,0,1,3
96675,0,1,2
5353185,0,2,1
85798120,0,1,11
1995422,0,1,1
31557874,0,1,2
3861000,0,2,2
165288,0,1,2
573684,0,2,2
52256,0,1,2
34535959,0,1,2
1045828,0,2,2
310000,0,13,1
13125,0,1,2
7093669,0,1,1
110066,0,1,2
111771260,0,1,3
448098,0,1,1
44690,0,1,1
150880,0,1,2
768487026,0,2,2
30464,0,1,1
540029,0,1,2
314814461,0,1,2
2317152,0,1,3
199440,0,1,1
121903,0,1,1
1526731,0,33,2
350450,0,1,1
817831,0,1,2
498519,0,1,1
9261828,0,1,2
118438,0,1,2
1519012,0,17,1
2173513121,0,1,15
1094446079,0,1,2
396563,0,1,2
3668477,0,1,2
72354,0,1,2
57930,0,1,2
7770,0,1,2
75490,0,1,3
271231,0,2,2
631363,0,1,2
4186193,0,1,2
475869,0,1,2
310061,0,1,1
21619,0,2,2
90106,0,2,2
26127,0,2,3
19429092,0,1,2
3978012,0,1,2
1126,0,2,2
129162,0,2,2
3092520,0,1,2
370721,0,1,1
6310170,0,1,2
8320018,0,1,8
7955833,0,14,1
155724807,0,1,3
235159127,0,1,8
2161384,0,1,2
2615565,0,2,2
41933064,0,1,2
168317,0,1,1
19045192,0,1,2
32968999,0,1,2
268502,0,1,2
4602,0,2,3
21963067,0,1,1
77574926,0,3,149
399702,0,1,1
2503115,0,2,1
1212060,0,2,2
5835569,0,1,1
716463,0,2,2
2011174,0,1,2
799357,0,1,2
15197100,0,4,2
13627353,0,1,2
1676202,0,1,2
187337,0,1,2
870845,0,2,2
27796192,0,1,2
788676,0,1,1
83928,0,1,2
942988403,0,1,2
3493,0,1,1
11803375,0,1,2
2502233,0,2,1
94752,0,1,2
232780,0,2,2
1186965,0,2,2
2623578,0,2,2
4359582,0,1,1
119735,0,2,2
14362,0,1,1
18654417,0,1,2
1165454,0,1,1
5202566,0,6,1
82683,0,1,1
26821,0,1,1
5570,0,1,2
379355,0,1,1
467820,0,1,2
3649048,0,1,1
4288982,0,1,1
3119371,0,1,1
300541,0,1,2
249322,0,1,2
222043,0,1,1
23774,0,1,1
275660,0,1,2
101507203,0,3,1
1472929,0,1,2
141061172,0,1,15
1032080,0,1,1
108413,0,1,1
320076,0,1,2
1023125,0,1,2
5362411,0,5,2
9717525,0,1,3
8764,0,2,2
39394,0,1,2
44304,0,1,2
50588,0,1,1
1133603,0,1,2
79868,0,1,2
2009000,0,1,1
1831024,0,1,2
102790508,0,5,2
99292,0,1,2
40299389,0,1,9
2860955,0,2,2
86074,0,1,2
117084967,0,1,2
195942,0,1,1
117070,0,1,1
229714,0,1,1
2242973,0,1,1
389998500,0,1,7
21465,0,1,1
8175262,0,67,1
95860,0,1,2
409036,0,1,2
13165,0,1,2
256001,0,1,2
575759,0,1,2
129712,0,1,2
6707836,0,1,2
266067,0,1,2
22998300,0,5,2
833000,0,1,1
30902,0,1,3
406996,0,1,2
1155474,0,1,2
18158064,0,5,1
3901254681,0,2,1
5986679,0,5,1
42283,0,1,2
10474253,0,1,2
899738,0,2,2
6226349,0,1,2
1062859,0,2,2
498872,0,1,2
60820741,0,1,2
16127,0,1,2
286736975,0,1,2
592223,0,6,1
241910,0,2,2
19999998997,0,2,2
33667,0,1,2
53977,0,1,1
675747,0,3,2
385889,0,2,1
492119,0,1,1
102790387,0,2,2
41648,0,1,1
2004,0,1,1
1174,0,1,1
546,0,2,2
100071,0,2,2
830938,0,7,1
713938,0,5,2
16246365,0,1,2
876254336,0,3,2
15487073,0,1,2
97853,0,1,2
6508001578,0,1,2
6413736,0,1,2
19564,0,1,2
44879854,0,1,1
30154,0,3,2
50412,0,1,2
488221,0,2,2
305735,0,1,2
481648,0,2,2
111814,0,1,1
12435,0,1,1
2599628,0,1,2
2058782,0,1,2
134130,0,1,2
208673582,0,1,7
1655454,0,1,2
649658,0,1,2
473315,0,2,1
6993537,0,1,2
8106,0,1,1
3357,0,1,1
1341134,0,1,2
50843,0,1,2
30212248,0,1,2
52454,0,1,1
87583,0,1,2
530464,0,1,2
1318372,0,1,1
701253,0,4,2
91141,0,1,2
1416655,0,2,2
8173869,0,1,2
369350,0,1,1
32712,0,1,1
94948,0,1,1
391636,0,1,2
14999382,0,1,3
46931,0,1,1
55514805,0,180,2
63123329,0,1,1
77000,0,1,1
59033,0,1,1
157167,0,1,2
12094461,0,2,2
3881,0,1,2
438364,0,2,2
39125,0,1,2
957788516,0,1,2
1047729,0,2,4
1252043,0,1,2
173956,0,1,2
284615,0,1,2
704173,0,2,1
198127,0,1,2
9973329,0,1,2
437933,0,1,2
1150351,0,1,2
181568,0,1,2
80929,0,1,2
2070933,0,1,2
134158,0,1,1
1098248,0,2,2
115454,0,1,1
437483,0,1,2
463435,0,1,2
92255,0,1,1
99295,0,1,2
461844,0,1,1
17771,0,1,2
116025,0,1,1
59385,0,1,3
95515,0,1,2
20354,0,1,1
19868,0,1,2
1614487,0,1,2
697001,0,1,2
15695513,0,1,28
65189264,0,1,2
14566700,0,1,1
147886,0,1,2
340953,0,1,2
1286514,0,2,3
102794642,0,1,2
24751,0,1,1
74859231,0,1,43
29042112,0,1,2
1120405,0,1,2
199855,0,1,1
670890,0,1,1
201649,0,1,2
66433631,0,60,1
1405819,0,1,1
289295,0,1,2
1594713,0,1,2
371514577,0,1,2
1964,0,1,2
546,0,1,1
49687,0,1,1
51941243,0,1,2
94729,0,1,1
10906201,0,1,1
18659402,0,1,2
24429,0,1,1
1510085,0,2,2
99998000,0,1,6
1815193,0,5,1
18677980,0,1,2
2424628,0,1,1
9986203,0,1,2
14740,0,1,1
1771056,0,2,2
357991,0,4,2
635792,0,1,2
196010,0,5,1
884321,0,1,2
40770,0,1,1
264379,0,1,2
126706,0,2,2
293610,0,1,2
83405,0,1,2
1324601,0,1,2
926836,0,3,1
32218832,0,2,1
110125698,0,1,2
34292,0,1,2
99996912,0,1,2
198005,0,1,2
2309000,0,1,1
391498,0,1,2
126401,0,1,1
673654,0,1,2
8826197,0,1,2
742623,0,1,2
12380750,0,1,2
6570504,0,1,2
331180,0,1,2
2963599,0,1,2
7998364,0,1,2
1914024,0,1,1
65701,0,1,1
948026301,0,1,3
262569,0,1,2
2180583,0,1,2
6358674,0,1,2
92170,0,1,1
10000258703,0,2,2
87259,0,1,2
1008693,0,1,2
785710,0,1,2
260316,0,1,2
91330,0,2,2
4202444,0,1,2
232022,0,1,2
6278796,0,1,2
418038,0,2,2
268657,0,1,2
899020,0,1,1
44181,0,2,5
175694856,0,1,3
42580,0,1,2
9108762,0,1,2
663958,0,1,2
1530837,0,14,1
138067,0,2,1
20701379,0,2,2
29362,0,1,1
39633,0,1,2
981334,0,1,2
186960,0,1,2
646439,0,1,2
44450,0,1,1
29556,0,1,2
166700,0,1,1
206071,0,1,2
40434,0,2,2
30149076,0,1,2
86336,0,1,2
1806,0,1,1
111972,0,1,1
249277,0,1,2
3443172,0,1,2
546,0,1,1
64341,0,1,2
3696,0,1,2
1673025,0,1,2
368815,0,1,2
2604550,0,1,2
340324,0,1,2
2122108,0,3,1
500076,0,1,1
1850623833,0,1,17
12626312,0,1,2
31894017,0,1,1
30850619,0,1,1
167048,0,1,2
6485,0,1,2
667698,0,1,2
87326,0,1,2
448363,0,1,2
107436,0,1,1
81461,0,7,1
110262,0,1,2
961814,0,1,2
286963,0,2,1
13420106,0,1,2
16063,0,1,1
6812822,0,1,2
7756,0,1,1
260317,0,1,2
17821680,0,1,3
978063,0,1,3
196280,0,1,2
59038795,0,2,2
3454,0,3,1
947525499,0,1,3
1692,0,1,2
83059,0,1,1
11982,0,1,1
547692,0,2,2
6673690,0,1,6
324092,0,2,2
4178472,0,1,2
2736418,0,1,2
402342630,0,2,3
194167,0,1,1
33777283,0,2,2
7992231,0,1,2
421870,0,2,2
710796,0,1,2
3938875,0,1,2
29049,0,1,1
34685795,0,1,3
5597,0,1,1
2008860,0,1,2
191298,0,1,1
1453032,0,2,1
2960306,0,1,2
87947,0,1,2
318325,0,2,1
454712750,0,1,3
1312580,0,1,1
1538767,0,1,2
944544867,0,1,2
3271194,0,1,2
8814018,0,1,2
331663,0,1,2
864782,0,1,2
673370,0,1,2
254368,0,1,2
4401695,0,2,1
10641029,0,43,4
168535,0,5,6
72304,0,1,1
42727,0,2,2
1089416,0,1,2
18265348,0,1,2
4897,0,3,1
299528,0,1,1
3438198,0,12,1
16600,0,41,1
498577,0,1,2
45603695,0,1,3
550118,0,1,2
150045,0,1,2
145170,0,1,2
92000,0,1,2
689754,0,2,4
1102720,0,1,2
16291,0,1,2
41443,0,1,2
34086928,0,2,1
64653,0,1,1
9118162,0,1,2
15338313,0,1,2
500913,0,1,1
130142,0,1,2
82135,0,2,2
486519,0,1,1
29370,0,1,1
5000,0,1,1
83506150,0,1,1
205667,0,1,2
47048725,0,1,4
216469,0,1,2
15916,0,1,1
1729974,0,1,2
570066,0,2,1
